Domain,Have_IP,Have_@,URL_Length,URL_Depth,Redirection,https_Domain,Prefix/Suffix,DNS_Record,Web_Traffic,Domain_Age,Domain_End,iFrame,Mouse_Over,Right_Click,Label
graphicriver.net,0,0,1,1,0,0,0,1,1,1,1,0,0,1,0
ecnavi.jp,0,0,1,1,1,0,0,1,1,1,1,1,1,1,0
hubpages.com,0,0,1,1,0,0,0,1,1,1,1,0,0,1,0
extratorrent.cc,0,0,1,3,0,0,0,1,1,1,1,0,0,1,0
icicibank.com,0,0,1,3,0,0,0,1,1,1,1,0,0,1,0
nypost.com,0,0,1,4,0,0,0,1,1,1,1,0,0,1,0
kienthuc.net.vn,0,0,1,2,0,0,0,1,1,1,1,0,0,1,0
thenextweb.com,0,0,1,6,0,0,0,1,1,1,1,0,0,1,0
tobogo.net,0,0,1,2,0,0,0,1,1,1,1,0,0,1,0
akhbarelyom.com,0,0,1,5,0,0,0,1,1,1,1,0,0,1,0
tunein.com,0,0,1,5,0,0,0,1,1,1,1,0,0,1,0
tune.pk,0,0,1,3,0,0,0,1,1,1,1,0,0,1,0
sfglobe.com,0,0,1,4,0,0,0,1,1,1,1,1,0,1,0
mic.com,0,0,1,3,0,0,0,1,1,1,1,0,0,1,0
thenextweb.com,0,0,1,6,0,0,0,1,1,1,1,0,0,1,0
couchtuner.eu.com,0,0,1,3,0,0,0,1,1,1,1,0,0,1,0
olx.in,0,0,1,3,0,0,0,1,1,1,1,1,1,1,0
venturebeat.com,0,0,1,4,0,0,0,1,1,1,1,0,0,1,0
allegro.pl,0,0,1,2,0,0,0,1,1,1,1,0,0,1,0
allegro.pl,0,0,1,2,0,0,0,1,1,1,1,0,0,1,0
tinnhanh360.net,0,0,1,1,0,0,0,1,1,1,1,0,0,1,0
metro.co.uk,0,0,1,4,0,0,0,1,1,1,1,0,0,1,0
atwiki.jp,0,0,1,2,0,0,0,1,1,1,1,0,0,1,0
emgn.com,0,0,1,2,0,0,0,1,1,1,1,1,1,1,0
nguyentandung.org,0,0,1,1,0,0,0,1,1,1,1,0,0,1,0
motthegioi.vn,0,0,1,2,0,0,0,1,1,1,1,1,1,1,0
spankbang.com,0,0,1,3,0,0,0,1,1,1,1,0,0,1,0
torcache.net,0,0,1,2,0,0,0,1,1,1,1,0,0,1,0
mic.com,0,0,1,3,0,0,0,1,1,1,1,0,0,1,0
thenextweb.com,0,0,1,7,0,0,0,1,1,1,1,0,0,1,0
emgn.com,0,0,1,2,0,0,0,1,1,1,1,1,1,1,0
depositphotos.com,0,0,1,1,0,0,0,1,1,1,1,0,0,1,0
serverfault.com,0,0,1,3,0,0,0,1,1,1,1,0,0,1,0
kakaku.com,0,0,1,6,0,0,0,1,1,1,1,0,0,1,0
indianexpress.com,0,0,1,4,0,0,0,1,1,1,1,0,0,1,0
nypost.com,0,0,1,4,0,0,0,1,1,1,1,0,0,1,0
distractify.com,0,0,1,10,0,0,0,1,1,1,1,0,0,1,0
sourceforge.net,0,0,1,3,0,0,0,1,1,1,1,1,1,1,0
babal.net,0,0,1,4,0,0,0,1,1,1,1,1,1,1,0
serverfault.com,0,0,1,3,0,0,0,1,1,1,1,0,0,1,0
cookpad.com,0,0,1,1,0,0,0,1,1,1,1,1,1,1,0
plarium.com,0,0,1,5,0,0,0,1,1,1,1,0,0,1,0
pikabu.ru,0,0,1,3,0,0,0,1,1,1,1,1,1,1,0
grantland.com,0,0,1,2,0,0,0,1,1,1,1,0,0,1,0
allegro.pl,0,0,1,3,0,0,0,1,1,1,1,0,0,1,0
nguyentandung.org,0,0,1,1,0,0,0,1,1,1,1,0,0,1,0
allegro.pl,0,0,1,2,0,0,0,1,1,1,1,0,0,1,0
europa.eu,0,0,1,6,0,0,0,1,1,1,1,0,0,1,0
extratorrent.cc,0,0,1,3,0,0,0,1,1,1,1,0,0,1,0
persianblog.ir,0,0,1,4,0,0,0,1,1,1,1,0,0,1,0
distractify.com,0,0,1,10,0,0,0,1,1,1,1,0,0,1,0
kenh14.vn,0,0,1,2,0,0,0,1,1,1,1,0,0,1,0
twitter.com,0,0,1,1,0,0,0,1,1,1,1,0,0,1,0
nesn.com,0,0,1,3,0,0,0,1,1,1,1,0,0,1,0
fishki.net,0,0,1,1,0,0,0,1,1,1,1,0,0,1,0
syosetu.com,0,0,1,3,0,0,0,1,1,1,1,0,0,1,0
akhbarelyom.com,0,0,1,5,0,0,0,1,1,1,1,0,0,1,0
allegro.pl,0,0,1,1,0,0,0,1,1,1,1,0,0,1,0
getpocket.com,0,0,1,1,1,0,0,1,1,1,1,0,0,1,0
mylust.com,0,0,1,3,0,0,0,1,1,1,1,0,0,1,0
censor.net.ua,0,0,1,3,0,0,0,1,1,1,1,0,0,1,0
pornsharing.com,0,0,1,1,0,0,0,1,1,1,1,0,0,1,0
genius.com,0,0,1,3,0,0,0,1,1,1,1,1,1,1,0
sourceforge.net,0,0,1,3,0,0,0,1,1,1,1,0,0,1,0
codecanyon.net,0,0,1,4,0,0,0,1,1,1,1,0,0,1,0
qz.com,0,0,1,2,0,0,0,1,1,1,1,0,0,1,0
kenh14.vn,0,0,1,2,0,0,0,1,1,1,1,0,0,1,0
uproxx.com,0,0,1,4,0,0,0,1,1,1,1,0,0,1,0
babal.net,0,0,1,4,0,0,0,1,1,1,1,1,1,1,0
mic.com,0,0,1,3,0,0,0,1,1,1,1,0,0,1,0
torcache.net,0,0,1,2,0,0,0,1,1,1,1,0,0,1,0
paytm.com,0,0,1,2,0,0,0,1,1,1,1,0,0,1,0
motthegioi.vn,0,0,1,3,0,0,0,1,1,1,1,0,0,1,0
torcache.net,0,0,1,2,0,0,0,1,1,1,1,0,0,1,0
thenextweb.com,0,0,1,6,0,0,0,1,1,1,1,0,0,1,0
extratorrent.cc,0,0,1,3,0,0,0,1,1,1,1,0,0,1,0
genius.com,0,0,1,3,0,0,0,1,1,1,1,1,1,1,0
thenextweb.com,0,0,1,5,0,0,0,1,1,1,1,0,0,1,0
kienthuc.net.vn,0,0,1,2,0,0,0,1,1,1,1,0,0,1,0
sourceforge.net,0,0,1,3,0,0,0,1,1,1,1,0,0,1,0
nypost.com,0,0,1,4,0,0,0,1,1,1,1,0,0,1,0
ap.org,0,0,1,4,0,0,0,1,1,1,1,0,0,1,0
indianexpress.com,0,0,1,4,0,0,0,1,1,1,1,0,0,1,0
extratorrent.cc,0,0,1,3,0,0,0,1,1,1,1,0,0,1,0
correios.com.br,0,0,1,5,0,0,0,1,1,1,1,0,0,1,0
web.de,0,0,1,6,0,0,0,1,1,1,1,0,0,1,0
noticias.uol.com.br,0,0,1,6,0,0,0,1,1,1,1,0,0,1,0
bdnews24.com,0,0,1,5,0,0,0,1,1,1,1,0,0,1,0
kenh14.vn,0,0,1,2,0,0,0,1,1,1,1,0,0,1,0
codecanyon.net,0,0,1,4,0,0,0,1,1,1,1,0,0,1,0
tunein.com,0,0,1,2,0,0,0,1,1,1,1,0,0,1,0
nguyentandung.org,0,0,1,1,0,0,0,1,1,1,1,0,0,1,0
kickass.to,0,0,1,1,0,0,0,1,1,1,1,0,0,1,0
weathernews.jp,0,0,1,4,0,0,0,1,1,1,1,0,0,1,0
atwiki.jp,0,0,1,2,0,0,0,1,1,1,1,0,0,1,0
plarium.com,0,0,1,5,0,0,0,1,1,1,1,0,0,1,0
chaturbate.com,0,0,1,3,0,0,0,1,1,1,1,0,0,1,0
babal.net,0,0,1,4,0,0,0,1,1,1,1,1,1,1,0
sberbank.ru,0,0,1,9,0,0,0,1,1,1,1,0,0,1,0
torcache.net,0,0,1,2,0,0,0,1,1,1,1,0,0,1,0
torcache.net,0,0,1,2,0,0,0,1,1,1,1,0,0,1,0
pikabu.ru,0,0,1,3,0,0,0,1,1,1,1,1,1,1,0
mirtesen.ru,0,0,1,1,0,0,0,1,1,1,1,0,0,1,0
mirtesen.ru,0,0,1,1,0,0,0,1,1,1,1,0,0,1,0
distractify.com,0,0,1,10,0,0,0,1,1,1,1,0,0,1,0
jalopnik.com,0,0,1,2,0,0,0,1,1,1,1,0,0,1,0
techcrunch.com,0,0,1,4,0,0,0,1,1,1,1,0,0,1,0
twitter.com,0,0,1,1,0,0,0,1,1,1,1,0,0,1,0
torcache.net,0,0,1,2,0,0,0,1,1,1,1,0,0,1,0
thenextweb.com,0,0,1,6,0,0,0,1,1,1,1,0,0,1,0
arstechnica.com,0,0,1,4,0,0,0,1,1,1,1,0,0,1,0
tunein.com,0,0,1,5,0,0,0,1,1,1,1,0,0,1,0
torrentdn.com,0,0,1,2,0,0,0,1,1,1,1,1,1,1,0
searchengineland.com,0,0,1,1,0,0,0,1,1,1,1,0,0,1,0
nesn.com,0,0,1,3,0,0,0,1,1,1,1,0,0,1,0
paytm.com,0,0,1,2,0,0,0,1,1,1,1,0,0,1,0
torcache.net,0,0,1,2,0,0,0,1,1,1,1,0,0,1,0
metro.co.uk,0,0,1,4,0,0,0,1,1,1,1,0,0,1,0
censor.net.ua,0,0,1,14,0,0,0,1,1,1,1,0,0,1,0
depositphotos.com,0,0,1,1,0,0,0,1,1,1,1,0,0,1,0
thenextweb.com,0,0,1,6,0,0,0,1,1,1,1,0,0,1,0
putlocker.is,0,0,1,1,0,0,0,1,1,1,1,0,0,1,0
tunein.com,0,0,1,5,0,0,0,1,1,1,1,0,0,1,0
lifehacker.com,0,0,1,2,0,0,0,1,1,1,1,0,0,1,0
extratorrent.cc,0,0,1,3,0,0,0,1,1,1,1,0,0,1,0
mylust.com,0,0,1,3,0,0,0,1,1,1,1,0,0,1,0
buzzfil.net,0,0,1,3,0,0,0,1,1,1,1,1,1,1,0
censor.net.ua,0,0,1,3,0,0,0,1,1,1,1,0,0,1,0
ap.org,0,0,1,4,0,0,0,1,1,1,1,0,0,1,0
akhbarelyom.com,0,0,1,5,0,0,0,1,1,1,1,0,0,1,0
sourceforge.net,0,0,1,3,0,0,0,1,1,1,1,0,0,1,0
kakaku.com,0,0,1,6,0,0,0,1,1,1,1,0,0,1,0
jezebel.com,0,0,1,2,0,0,0,1,1,1,1,0,0,1,0
grantland.com,0,0,1,2,0,0,0,1,1,1,1,0,0,1,0
gov.uk,0,0,1,3,0,0,0,1,1,1,1,0,0,1,0
emgn.com,0,0,1,2,0,0,0,1,1,1,1,1,1,1,0
bdnews24.com,0,0,1,5,0,0,0,1,1,1,1,0,0,1,0
web.de,0,0,1,5,0,0,0,1,1,1,1,0,0,1,0
extratorrent.cc,0,0,1,3,0,0,0,1,1,1,1,0,0,1,0
torcache.net,0,0,1,2,0,0,0,1,1,1,1,0,0,1,0
twitter.com,0,0,1,1,0,0,0,1,1,1,1,0,0,1,0
seekingalpha.com,0,0,1,2,0,0,0,1,1,1,1,0,0,1,0
web.tv,0,0,1,8,0,0,0,1,1,1,1,0,0,1,0
indianexpress.com,0,0,1,4,0,0,0,1,1,1,1,0,0,1,0
web.de,0,0,1,5,0,0,0,1,1,1,1,0,0,1,0
olx.co.id,0,0,1,7,0,0,0,1,1,1,1,1,1,1,0
mylust.com,0,0,1,3,0,0,0,1,1,1,1,0,0,1,0
babal.net,0,0,1,4,0,0,0,1,1,1,1,1,1,1,0
techcrunch.com,0,0,1,4,0,0,0,1,1,1,1,0,0,1,0
distractify.com,0,0,1,10,0,0,0,1,1,1,1,0,0,1,0
kakaku.com,0,0,1,6,0,0,0,1,1,1,1,0,0,1,0
metro.co.uk,0,0,1,4,0,0,0,1,1,1,1,0,0,1,0
kienthuc.net.vn,0,0,1,2,0,0,0,1,1,1,1,0,0,1,0
web.de,0,0,1,5,0,0,0,1,1,1,1,0,0,1,0
thenextweb.com,0,0,1,6,0,0,0,1,1,1,1,0,0,1,0
gov.uk,0,0,1,3,0,0,0,1,1,1,1,0,0,1,0
olx.ua,0,0,1,4,0,0,0,1,1,1,1,0,0,1,0
olx.pl,0,0,1,3,0,0,0,1,1,1,1,0,0,1,0
babal.net,0,0,1,3,0,0,0,1,1,1,1,1,1,1,0
correios.com.br,0,0,1,4,0,0,0,1,1,1,1,1,1,1,0
myspace.com,0,0,1,5,0,0,0,1,1,1,1,0,0,1,0
indianexpress.com,0,0,1,3,0,0,0,1,1,1,1,0,0,1,0
web.de,0,0,1,5,0,0,0,1,1,1,1,0,0,1,0
olx.in,0,0,1,3,0,0,0,1,1,1,1,1,1,1,0
squarespace.com,0,0,1,5,0,0,0,1,1,1,1,0,0,1,0
privatbank.ua,0,0,1,4,0,0,0,1,1,1,1,0,0,1,0
distractify.com,0,0,1,10,0,0,0,1,1,1,1,0,0,1,0
tunein.com,0,0,1,5,0,0,0,1,1,1,1,0,0,1,0
thenextweb.com,0,0,1,6,0,0,0,1,1,1,1,0,0,1,0
torcache.net,0,0,1,2,0,0,0,1,1,1,1,0,0,1,0
distractify.com,0,0,1,10,0,0,0,1,1,1,1,0,0,1,0
extratorrent.cc,0,0,1,3,0,0,0,1,1,1,1,0,0,1,0
xhamster.com,0,0,1,3,0,0,0,1,1,1,1,0,0,1,0
perezhilton.com,0,0,1,1,0,0,0,1,1,1,1,0,0,1,0
comicbook.com,0,0,1,4,0,0,0,1,1,1,1,0,0,1,0
paytm.com,0,0,1,8,0,0,0,1,1,1,1,0,0,1,0
grantland.com,0,0,1,2,0,0,0,1,1,1,1,0,0,1,0
distractify.com,0,0,1,10,0,0,0,1,1,1,1,0,0,1,0
thenextweb.com,0,0,1,6,0,0,0,1,1,1,1,0,0,1,0
icicibank.com,0,0,1,5,0,0,0,1,1,1,1,0,0,1,0
deadspin.com,0,0,1,2,0,0,0,1,1,1,1,0,0,1,0
udn.com,0,0,1,4,0,0,0,1,1,1,1,0,0,1,0
bestblackhatforum.com,0,0,1,1,0,0,0,1,1,1,1,0,0,1,0
quizlet.com,0,0,1,1,0,0,0,1,1,1,1,0,0,1,0
depositphotos.com,0,0,1,2,0,0,0,1,1,1,1,0,0,1,0
pitchfork.com,0,0,1,3,0,0,0,1,1,1,1,1,1,1,0
emgn.com,0,0,1,2,0,0,0,1,1,1,1,1,1,1,0
katproxy.com,0,0,1,1,0,0,0,1,1,1,1,0,0,1,0
elitedaily.com,0,0,1,3,0,0,0,1,1,1,1,0,0,1,0
extratorrent.cc,0,0,1,3,0,0,0,1,1,1,1,0,0,1,0
pornsharing.com,0,0,1,1,0,0,0,1,1,1,1,0,0,1,0
thenextweb.com,0,0,1,7,0,0,0,1,1,1,1,0,0,1,0
distractify.com,0,0,1,10,0,0,0,1,1,1,1,0,0,1,0
atwiki.jp,0,0,1,2,0,0,0,1,1,1,1,0,0,1,0
codecanyon.net,0,0,1,4,0,0,0,1,1,1,1,0,0,1,0
interpark.com,0,0,1,2,0,0,0,1,1,1,1,0,0,1,0
gtbank.com,0,0,1,5,0,0,0,1,1,1,1,0,0,1,0
medium.com,0,1,1,2,0,0,0,1,1,1,1,0,0,1,0
torcache.net,0,0,1,2,0,0,0,1,1,1,1,0,0,1,0
correios.com.br,0,1,1,8,0,0,0,1,1,1,1,0,0,1,0
olx.pl,0,0,1,7,0,0,0,1,1,1,1,0,0,1,0
distractify.com,0,0,1,10,0,0,0,1,1,1,1,0,0,1,0
twitter.com,0,0,1,1,0,0,0,1,1,1,1,0,0,1,0
distractify.com,0,0,1,10,0,0,0,1,1,1,1,0,0,1,0
depositphotos.com,0,0,1,1,0,0,0,1,1,1,1,0,0,1,0
interpark.com,0,0,1,2,0,0,0,1,1,1,1,0,0,1,0
zozo.jp,0,0,1,2,0,0,0,1,1,1,1,1,1,1,0
persianblog.ir,0,0,1,4,0,0,0,1,1,1,1,0,0,1,0
onedio.com,0,0,1,2,0,0,0,1,1,1,1,0,0,1,0
hollywoodlife.com,0,0,1,4,0,0,0,1,1,1,1,0,0,1,0
fortune.com,0,0,1,4,0,0,0,1,1,1,1,0,0,1,0
ringring.vn,0,0,1,1,0,0,0,1,1,1,1,1,0,1,0
nguyentandung.org,0,0,1,1,0,0,0,1,1,1,1,0,0,1,0
buzzfil.net,0,0,1,4,0,0,0,1,1,1,1,1,1,1,0
thenextweb.com,0,0,1,6,0,0,0,1,1,1,1,0,0,1,0
fanpage.gr,0,0,1,2,0,0,0,1,1,1,1,0,0,1,0
extratorrent.cc,0,0,1,3,0,0,0,1,1,1,1,0,0,1,0
mylust.com,0,0,1,3,0,0,0,1,1,1,1,0,0,1,0
nguyentandung.org,0,0,1,1,0,0,0,1,1,1,1,0,0,1,0
babal.net,0,0,1,4,0,0,0,1,1,1,1,1,1,1,0
thechive.com,0,0,1,4,0,0,0,1,1,1,1,0,0,1,0
thenextweb.com,0,0,1,7,0,0,0,1,1,1,1,0,0,1,0
babal.net,0,0,1,4,0,0,0,1,1,1,1,1,1,1,0
pikabu.ru,0,0,1,3,0,0,0,1,1,1,1,1,1,1,0
variety.com,0,0,1,8,0,0,0,1,1,1,1,0,0,1,0
otomoto.pl,0,0,1,3,0,0,0,1,1,1,1,0,0,1,0
elitedaily.com,0,0,1,4,0,0,0,1,1,1,1,0,0,1,0
twitter.com,0,0,1,1,0,0,0,1,1,1,1,0,0,1,0
olx.ro,0,0,1,7,0,0,0,1,1,1,1,0,0,1,0
fazenda.gov.br,0,0,1,3,0,0,0,1,1,1,1,1,1,1,0
bdnews24.com,0,0,1,5,0,0,0,1,1,1,1,0,0,1,0
emgn.com,0,0,1,2,0,0,0,1,1,1,1,1,1,1,0
superuser.com,0,0,1,3,0,0,0,1,1,1,1,0,0,1,0
mic.com,0,0,1,3,0,0,0,1,1,1,1,0,0,1,0
olx.ro,0,0,1,7,0,0,0,1,1,1,1,0,0,1,0
momoshop.com.tw,0,0,1,2,0,0,0,1,1,1,1,1,1,1,0
variety.com,0,0,1,4,0,0,0,1,1,1,1,0,0,1,0
torcache.net,0,0,1,2,0,0,0,1,1,1,1,0,0,1,0
grantland.com,0,0,1,2,0,0,0,1,1,1,1,0,0,1,0
1337x.to,0,0,1,3,0,0,0,1,1,1,1,0,0,1,0
thenextweb.com,0,0,1,6,0,0,0,1,1,1,1,0,0,1,0
kotaku.com,0,0,1,2,0,0,0,1,1,1,1,0,0,1,0
distractify.com,0,0,1,10,0,0,0,1,1,1,1,0,0,1,0
katproxy.com,0,0,1,1,0,0,0,1,1,1,1,0,0,1,0
stackoverflow.com,0,0,1,3,0,0,0,1,1,1,1,0,0,1,0
aljazeera.net,0,0,1,6,0,0,0,1,1,1,1,0,0,1,0
pikabu.ru,0,0,1,3,0,0,0,1,1,1,1,1,1,1,0
extratorrent.cc,0,0,1,3,0,0,0,1,1,1,1,0,0,1,0
qz.com,0,0,1,2,0,0,0,1,1,1,1,0,0,1,0
serverfault.com,0,0,1,3,0,0,0,1,1,1,1,0,0,1,0
distractify.com,0,0,1,10,0,0,0,1,1,1,1,0,0,1,0
twitter.com,0,0,1,1,0,0,0,1,1,1,1,0,0,1,0
depositphotos.com,0,0,1,2,0,0,0,1,1,1,1,0,0,1,0
ecnavi.jp,0,0,1,1,1,0,0,1,1,1,1,1,1,1,0
wpengine.com,0,0,1,4,0,0,0,1,1,1,1,0,0,1,0
prezi.com,0,0,1,4,0,0,0,1,1,1,1,0,0,1,0
mylust.com,0,0,1,3,0,0,0,1,1,1,1,0,0,1,0
aljazeera.net,0,0,1,6,0,0,0,1,1,1,1,0,0,1,0
katproxy.com,0,0,1,3,0,0,0,1,1,1,1,0,0,1,0
indianexpress.com,0,0,1,3,0,0,0,1,1,1,1,0,0,1,0
smallseotools.com,0,0,1,2,0,0,0,1,1,1,1,0,0,1,0
mirtesen.ru,0,0,1,2,0,0,0,1,1,1,1,0,0,1,0
web.de,0,0,1,5,0,0,0,1,1,1,1,0,0,1,0
mashable.com,0,0,1,6,0,0,0,1,1,1,1,0,0,1,0
yourlust.com,0,0,1,2,0,0,0,1,1,1,1,0,0,1,0
serverfault.com,0,0,1,3,0,0,0,1,1,1,1,0,0,1,0
kakaku.com,0,0,1,6,0,0,0,1,1,1,1,0,0,1,0
twitter.com,0,0,1,1,0,0,0,1,1,1,1,0,0,1,0
plarium.com,0,0,1,5,0,0,0,1,1,1,1,0,0,1,0
extratorrent.cc,0,0,1,3,0,0,0,1,1,1,1,0,0,1,0
mirtesen.ru,0,0,1,1,0,0,0,1,1,1,1,0,0,1,0
indianexpress.com,0,0,1,4,0,0,0,1,1,1,1,0,0,1,0
medium.com,0,1,1,2,0,0,0,1,1,1,1,0,0,1,0
patch.com,0,0,1,3,0,0,0,1,1,1,1,0,0,1,0
popupads.ir,0,0,1,1,0,0,0,1,1,1,1,1,1,1,0
grantland.com,0,0,1,2,0,0,0,1,1,1,1,0,0,1,0
twitter.com,0,0,1,1,0,0,0,1,1,1,1,0,0,1,0
haberler.com,0,0,1,2,0,0,0,1,1,1,1,0,0,1,0
techcrunch.com,0,0,1,4,0,0,0,1,1,1,1,0,0,1,0
buzzfil.net,0,0,1,3,0,0,0,1,1,1,1,1,1,1,0
twitter.com,0,0,1,1,0,0,0,1,1,1,1,0,0,1,0
olx.co.id,0,0,1,7,0,0,0,1,1,1,1,1,1,1,0
extratorrent.cc,0,0,1,3,0,0,0,1,1,1,1,0,0,1,0
emgn.com,0,0,1,2,0,0,0,1,1,1,1,1,1,1,0
dantri.com.vn,0,0,1,2,0,0,0,1,1,1,1,0,0,1,0
1337x.to,0,0,1,3,0,0,0,1,1,1,1,0,0,1,0
atwiki.jp,0,0,1,5,0,0,0,1,1,1,1,0,0,1,0
emgn.com,0,0,1,2,0,0,0,1,1,1,1,1,1,1,0
wpengine.com,0,0,1,2,0,0,0,1,1,1,1,0,0,1,0
emgn.com,0,0,1,2,0,0,0,1,1,1,1,1,1,1,0
emgn.com,0,0,1,2,0,0,0,1,1,1,1,1,1,1,0
tinnhanh360.net,0,0,1,1,0,0,0,1,1,1,1,0,0,1,0
askubuntu.com,0,0,1,3,0,0,0,1,1,1,1,0,0,1,0
perezhilton.com,0,0,1,2,0,0,0,1,1,1,1,0,0,1,0
espn.go.com,0,0,1,6,0,0,0,1,1,1,1,0,0,1,0
web.de,0,0,1,6,0,0,0,1,1,1,1,0,0,1,0
sourceforge.net,0,0,1,3,0,0,0,1,1,1,1,1,1,1,0
correios.com.br,0,0,1,3,0,0,0,1,1,1,1,1,1,1,0
searchengineland.com,0,0,1,1,0,0,0,1,1,1,1,0,0,1,0
kotaku.com,0,0,1,2,0,0,0,1,1,1,1,0,0,1,0
mic.com,0,0,1,3,0,0,0,1,1,1,1,0,0,1,0
twitter.com,0,0,1,1,0,0,0,1,1,1,1,0,0,1,0
mic.com,0,0,1,3,0,0,0,1,1,1,1,0,0,1,0
hollywoodlife.com,0,0,1,4,0,0,0,1,1,1,1,0,0,1,0
tinnhanh360.net,0,0,1,1,0,0,0,1,1,1,1,0,0,1,0
babal.net,0,0,1,4,0,0,0,1,1,1,1,1,1,1,0
interpark.com,0,0,1,2,0,0,0,1,1,1,1,1,1,1,0
telegraf.com.ua,0,0,1,3,0,0,0,1,1,1,1,0,0,1,0
censor.net.ua,0,0,1,14,0,0,0,1,1,1,1,0,0,1,0
distractify.com,0,0,1,2,0,0,0,1,1,1,1,0,0,1,0
qz.com,0,0,1,2,0,0,0,1,1,1,1,0,0,1,0
variety.com,0,0,1,8,0,0,0,1,1,1,1,0,0,1,0
nymag.com,0,0,1,10,0,0,0,1,1,1,1,0,0,1,0
putlocker.is,0,0,1,1,0,0,0,1,1,1,1,0,0,1,0
icicibank.com,0,0,1,3,0,0,0,1,1,1,1,1,1,1,0
indianexpress.com,0,0,1,4,0,0,0,1,1,1,1,0,0,1,0
xhamster.com,0,0,1,3,0,0,0,1,1,1,1,0,0,1,0
distractify.com,0,0,1,10,0,0,0,1,1,1,1,0,0,1,0
motthegioi.vn,0,0,1,2,0,0,0,1,1,1,1,0,0,1,0
techcrunch.com,0,0,1,4,0,0,0,1,1,1,1,0,0,1,0
slickdeals.net,0,0,1,2,0,0,0,1,1,1,1,0,0,1,0
otomoto.pl,0,0,1,4,0,0,0,1,1,1,1,0,0,1,0
perezhilton.com,0,0,1,1,0,0,0,1,1,1,1,0,0,1,0
web.de,0,0,1,4,0,0,0,1,1,1,1,0,0,1,0
censor.net.ua,0,0,1,3,0,0,0,1,1,1,1,0,0,1,0
xhamster.com,0,0,1,3,0,0,0,1,1,1,1,0,0,1,0
grantland.com,0,0,1,2,0,0,0,1,1,1,1,0,0,1,0
hdfcbank.com,0,0,1,4,0,0,0,1,1,1,1,0,0,1,0
wikiwiki.jp,0,0,1,1,0,0,0,1,1,1,1,0,0,1,0
web.de,0,0,1,4,0,0,0,1,1,1,1,0,0,1,0
twitter.com,0,0,1,1,0,0,0,1,1,1,1,0,0,1,0
olx.pl,0,0,1,7,0,0,0,1,1,1,1,0,0,1,0
torcache.net,0,0,1,2,0,0,0,1,1,1,1,0,0,1,0
otomoto.pl,0,0,1,7,0,0,0,1,1,1,1,0,0,1,0
bleacherreport.com,0,0,1,2,0,0,0,1,1,1,1,0,0,1,0
interpark.com,0,0,1,2,0,0,0,1,1,1,1,1,1,1,0
torcache.net,0,0,1,2,0,0,0,1,1,1,1,0,0,1,0
thenextweb.com,0,0,1,7,0,0,0,1,1,1,1,0,0,1,0
kickass.to,0,0,1,1,0,0,0,1,1,1,1,0,0,1,0
torcache.net,0,0,1,2,0,0,0,1,1,1,1,0,0,1,0
emgn.com,0,0,1,2,0,0,0,1,1,1,1,1,1,1,0
hdfcbank.com,0,0,1,5,0,0,0,1,1,1,1,0,0,1,0
searchengineland.com,0,0,1,1,0,0,0,1,1,1,1,0,0,1,0
correios.com.br,0,0,1,5,0,0,0,1,1,1,1,0,0,1,0
extratorrent.cc,0,0,1,3,0,0,0,1,1,1,1,0,0,1,0
motthegioi.vn,0,0,1,3,0,0,0,1,1,1,1,0,0,1,0
caixa.gov.br,0,0,1,4,0,0,0,1,1,1,1,0,0,1,0
digg.com,0,0,1,2,0,0,0,1,1,1,1,0,0,1,0
allegro.pl,0,0,1,2,0,0,0,1,1,1,1,0,0,1,0
fazenda.gov.br,0,0,1,3,0,0,0,1,1,1,1,1,1,1,0
bdnews24.com,0,0,1,5,0,0,0,1,1,1,1,0,0,1,0
nesn.com,0,0,1,3,0,0,0,1,1,1,1,0,0,1,0
tobogo.net,0,0,1,2,0,0,0,1,1,1,1,0,0,1,0
slashdot.org,0,0,1,3,0,0,0,1,1,1,1,0,0,1,0
bigcinema.tv,0,0,1,2,0,0,0,1,1,1,1,1,1,1,0
web.de,0,0,1,3,0,0,0,1,1,1,1,0,0,1,0
indianexpress.com,0,0,1,3,0,0,0,1,1,1,1,0,0,1,0
nymag.com,0,0,1,9,0,0,0,1,1,1,1,0,0,1,0
distractify.com,0,0,1,10,0,0,0,1,1,1,1,0,0,1,0
otomoto.pl,0,0,1,2,0,0,0,1,1,1,1,0,0,1,0
torrentdn.com,0,0,1,2,0,0,0,1,1,1,1,0,0,1,0
mic.com,0,0,1,3,0,0,0,1,1,1,1,0,0,1,0
momoshop.com.tw,0,0,1,2,0,0,0,1,1,1,1,1,1,1,0
olx.co.id,0,0,1,7,0,0,0,1,1,1,1,1,1,1,0
buzzfil.net,0,0,1,4,0,0,0,1,1,1,1,1,1,1,0
sourceforge.net,0,0,1,3,0,0,0,1,1,1,1,0,0,1,0
otomoto.pl,0,0,1,4,0,0,0,1,1,1,1,0,0,1,0
babal.net,0,0,1,4,0,0,0,1,1,1,1,1,1,1,0
doodle.com,0,0,1,2,0,0,0,1,1,1,1,0,0,1,0
babal.net,0,0,1,3,0,0,0,1,1,1,1,1,1,1,0
jalopnik.com,0,0,1,2,0,0,0,1,1,1,1,0,0,1,0
correios.com.br,0,0,1,5,0,0,0,1,1,1,1,0,0,1,0
codecanyon.net,0,0,1,4,0,0,0,1,1,1,1,0,0,1,0
olx.co.id,0,0,1,2,0,0,0,1,1,1,1,1,1,1,0
ecnavi.jp,0,0,1,1,1,0,0,1,1,1,1,0,0,1,0
torcache.net,0,0,1,2,0,0,0,1,1,1,1,0,0,1,0
udn.com,0,0,1,4,0,0,0,1,1,1,1,0,0,1,0
mylust.com,0,0,1,3,0,0,0,1,1,1,1,0,0,1,0
olx.ro,0,0,1,7,0,0,0,1,1,1,1,0,0,1,0
censor.net.ua,0,0,1,3,0,0,0,1,1,1,1,0,0,1,0
indianexpress.com,0,0,1,4,0,0,0,1,1,1,1,0,0,1,0
techcrunch.com,0,0,1,4,0,0,0,1,1,1,1,0,0,1,0
wikimapia.org,0,0,1,3,0,0,0,1,1,1,1,0,0,1,0
tobogo.net,0,0,1,2,0,0,0,1,1,1,1,0,0,1,0
perezhilton.com,0,0,1,1,0,0,0,1,1,1,1,0,0,1,0
aljazeera.net,0,0,1,4,0,0,0,1,1,1,1,0,0,1,0
tobogo.net,0,0,1,2,0,0,0,1,1,1,1,0,0,1,0
themeforest.net,0,0,1,3,0,0,0,1,1,1,1,0,0,1,0
themeforest.net,0,0,1,4,0,0,0,1,1,1,1,0,0,1,0
nesn.com,0,0,1,3,0,0,0,1,1,1,1,0,0,1,0
pikabu.ru,0,0,1,2,0,0,0,1,1,1,1,1,1,1,0
searchengineland.com,0,0,1,1,0,0,0,1,1,1,1,0,0,1,0
interpark.com,0,0,1,2,0,0,0,1,1,1,1,0,0,1,0
depositphotos.com,0,0,1,1,0,0,0,1,1,1,1,0,0,1,0
espn.go.com,0,0,1,8,0,0,0,1,1,1,1,1,1,1,0
nesn.com,0,0,1,3,0,0,0,1,1,1,1,0,0,1,0
deadspin.com,0,0,1,2,0,0,0,1,1,1,1,0,0,1,0
extratorrent.cc,0,0,1,3,0,0,0,1,1,1,1,0,0,1,0
kienthuc.net.vn,0,0,1,2,0,0,0,1,1,1,1,1,1,1,0
tune.pk,0,0,1,3,0,0,0,1,1,1,1,1,1,1,0
couchtuner.eu.com,0,0,1,3,0,0,0,1,1,1,1,0,0,1,0
atwiki.jp,0,0,1,2,0,0,0,1,1,1,1,1,1,1,0
genius.com,0,0,1,3,0,0,0,1,1,1,1,1,1,1,0
nguyentandung.org,0,0,1,1,0,0,0,1,1,1,1,0,0,1,0
ecnavi.jp,0,0,1,1,1,0,0,1,1,1,1,0,0,1,0
tune.pk,0,0,1,3,0,0,0,1,1,1,1,0,0,1,0
thenextweb.com,0,0,1,5,0,0,0,1,1,1,1,0,0,1,0
extratorrent.cc,0,0,1,3,0,0,0,1,1,1,1,0,0,1,0
jezebel.com,0,0,1,1,0,0,0,1,1,1,1,0,0,1,0
ap.org,0,0,1,4,0,0,0,1,1,1,1,0,0,1,0
cheezburger.com,0,0,1,2,0,0,0,1,1,1,1,0,0,1,0
qz.com,0,0,1,2,0,0,0,1,1,1,1,0,0,1,0
genius.com,0,0,1,3,0,0,0,1,1,1,1,1,1,1,0
tinnhanh360.net,0,0,1,1,0,0,0,1,1,1,1,0,0,1,0
interpark.com,0,0,1,2,0,0,0,1,1,1,1,0,0,1,0
io9.com,0,0,1,2,0,0,0,1,1,1,1,0,0,1,0
gtbank.com,0,0,1,5,0,0,0,1,1,1,1,0,0,1,0
olx.co.id,0,0,1,2,0,0,0,1,1,1,1,1,1,1,0
sourceforge.net,0,0,1,3,0,0,0,1,1,1,1,0,0,1,0
allrecipes.com,0,0,1,4,0,0,0,1,1,1,1,0,1,1,0
rt.com,0,0,1,3,0,0,0,1,1,1,1,0,0,1,0
icicibank.com,0,0,1,3,0,0,0,1,1,1,1,1,1,1,0
extratorrent.cc,0,0,1,3,0,0,0,1,1,1,1,0,0,1,0
tunein.com,0,0,1,5,0,0,0,1,1,1,1,0,0,1,0
atwiki.jp,0,0,1,2,0,0,0,1,1,1,1,1,1,1,0
wikiwiki.jp,0,0,1,1,0,0,0,1,1,1,1,0,0,1,0
maybank2u.com.my,0,0,1,4,0,0,0,1,1,1,1,1,1,1,0
techcrunch.com,0,0,1,3,0,0,0,1,1,1,1,0,0,1,0
mic.com,0,0,1,3,0,0,0,1,1,1,1,0,0,1,0
getpocket.com,0,0,1,1,1,0,0,1,1,1,1,0,0,1,0
extratorrent.cc,0,0,1,3,0,0,0,1,1,1,1,0,0,1,0
iconosquare.com,0,0,1,3,0,0,0,1,1,1,1,1,0,1,0
twitter.com,0,0,1,1,0,0,0,1,1,1,1,0,0,1,0
censor.net.ua,0,0,1,3,0,0,0,1,1,1,1,0,0,1,0
tinnhanh360.net,0,0,1,1,0,0,0,1,1,1,1,0,0,1,0
kenh14.vn,0,0,1,2,0,0,0,1,1,1,1,0,0,1,0
indianexpress.com,0,0,1,3,0,0,0,1,1,1,1,1,1,1,0
motthegioi.vn,0,0,1,3,0,0,0,1,1,1,1,0,0,1,0
dantri.com.vn,0,0,1,2,0,0,0,1,1,1,1,0,0,1,0
udn.com,0,0,1,4,0,0,0,1,1,1,1,0,0,1,0
thenextweb.com,0,0,1,6,0,0,0,1,1,1,1,0,0,1,0
twitter.com,0,0,1,1,0,0,0,1,1,1,1,0,0,1,0
thenextweb.com,0,0,1,6,0,0,0,1,1,1,1,0,0,1,0
torcache.net,0,0,1,2,0,0,0,1,1,1,1,0,0,1,0
uproxx.com,0,0,1,4,0,0,0,1,1,1,1,0,0,1,0
elcomercio.pe,0,0,1,3,0,0,0,1,1,1,1,0,0,1,0
elitedaily.com,0,0,1,5,0,0,0,1,1,1,1,0,0,1,0
500px.com,0,0,1,3,0,0,0,1,1,1,1,0,0,1,0
momoshop.com.tw,0,0,1,2,0,0,0,1,1,1,1,1,1,1,0
allegro.pl,0,0,1,1,0,0,0,1,1,1,1,0,0,1,0
nguyentandung.org,0,0,1,1,0,0,0,1,1,1,1,0,0,1,0
udn.com,0,0,1,4,0,0,0,1,1,1,1,0,0,1,0
ap.org,0,0,1,4,0,0,0,1,1,1,1,0,0,1,0
ringring.vn,0,0,1,1,0,0,0,1,1,1,1,1,0,1,0
twitter.com,0,0,1,1,0,0,0,1,1,1,1,0,0,1,0
thenextweb.com,0,0,1,7,0,0,0,1,1,1,1,0,0,1,0
mic.com,0,0,1,3,0,0,0,1,1,1,1,0,0,1,0
mentalfloss.com,0,0,1,3,0,0,0,1,1,1,1,1,1,1,0
mic.com,0,0,1,3,0,0,0,1,1,1,1,0,0,1,0
gov.uk,0,0,1,3,0,0,0,1,1,1,1,0,0,1,0
medium.com,0,0,1,2,0,0,0,1,1,1,1,1,1,1,0
seesaawiki.jp,0,0,1,3,0,0,0,1,1,1,1,0,0,1,0
ecnavi.jp,0,0,1,1,1,0,0,1,1,1,1,0,0,1,0
interpark.com,0,0,1,2,0,0,0,1,1,1,1,1,1,1,0
sourceforge.net,0,0,1,3,0,0,0,1,1,1,1,1,1,1,0
stackoverflow.com,0,0,1,3,0,0,0,1,1,1,1,0,0,1,0
mylust.com,0,0,1,3,0,0,0,1,1,1,1,0,0,1,0
depositphotos.com,0,0,1,1,0,0,0,1,1,1,1,0,0,1,0
torcache.net,0,0,1,2,0,0,0,1,1,1,1,0,0,1,0
diply.com,0,0,1,3,0,0,0,1,1,1,1,0,0,1,0
fazenda.gov.br,0,0,1,4,0,0,0,1,1,1,1,1,1,1,0
elcomercio.pe,0,0,1,3,0,0,0,1,1,1,1,1,1,1,0
correios.com.br,0,0,1,4,0,0,0,1,1,1,1,0,0,1,0
telegraf.com.ua,0,0,1,2,0,0,0,1,1,1,1,0,0,1,0
digg.com,0,0,1,2,0,0,0,1,1,1,1,0,0,1,0
torcache.net,0,0,1,2,0,0,0,1,1,1,1,0,0,1,0
mylust.com,0,0,1,3,0,0,0,1,1,1,1,0,0,1,0
thenextweb.com,0,0,1,6,0,0,0,1,1,1,1,0,0,1,0
udn.com,0,0,1,4,0,0,0,1,1,1,1,0,0,1,0
nesn.com,0,0,1,3,0,0,0,1,1,1,1,0,0,1,0
mylust.com,0,0,1,3,0,0,0,1,1,1,1,0,0,1,0
extratorrent.cc,0,0,1,3,0,0,0,1,1,1,1,0,0,1,0
zozo.jp,0,0,1,2,0,0,0,1,1,1,1,1,1,1,0
olx.ua,0,0,1,4,0,0,0,1,1,1,1,0,0,1,0
cheezburger.com,0,0,1,2,0,0,0,1,1,1,1,0,0,1,0
nhs.uk,0,0,1,5,0,0,0,1,1,1,1,1,0,1,0
jalopnik.com,0,0,1,2,0,0,0,1,1,1,1,0,0,1,0
kakaku.com,0,0,1,6,0,0,0,1,1,1,1,0,0,1,0
tunein.com,0,0,1,5,0,0,0,1,1,1,1,0,0,1,0
allegro.pl,0,0,1,2,0,0,0,1,1,1,1,0,0,1,0
sourceforge.net,0,0,1,3,0,0,0,1,1,1,1,0,0,1,0
aljazeera.net,0,0,1,6,0,0,0,1,1,1,1,0,0,1,0
nguyentandung.org,0,0,1,1,0,0,0,1,1,1,1,0,0,1,0
superuser.com,0,0,1,3,0,0,0,1,1,1,1,0,0,1,0
nypost.com,0,0,1,4,0,0,0,1,1,1,1,0,0,1,0
hubpages.com,0,0,1,5,0,0,0,1,1,1,1,0,0,1,0
correios.com.br,0,0,1,5,0,0,0,1,1,1,1,1,1,1,0
persianblog.ir,0,0,1,3,0,0,0,1,1,1,1,0,0,1,0
venturebeat.com,0,0,1,4,0,0,0,1,1,1,1,0,0,1,0
europa.eu,0,0,1,6,0,0,0,1,1,1,1,0,0,1,0
momos-ambachtelijkeijs.nl,0,0,1,4,0,0,1,1,1,1,1,0,0,1,1
623112j4j3.codesandbox.io,0,0,1,2,0,0,0,1,1,1,1,0,0,1,1
airmaxzoomturkey.com,0,0,0,1,0,0,0,1,1,1,1,1,1,1,1
betasus21.blogspot.com,0,0,0,0,0,0,0,1,1,1,1,0,0,1,1
welovebellsouthandswbell.weebly.com,0,0,0,0,0,0,0,1,1,1,1,0,0,1,1
fast-joingroup1.itsaol.com,0,0,0,1,0,0,1,1,1,1,1,0,0,1,1
christiantidings.com,0,0,1,3,0,0,0,1,1,1,1,0,0,1,1
zohard.com,0,0,1,8,0,0,0,1,1,1,1,1,1,1,1
financialone.com.hk,0,0,1,5,0,0,0,1,1,1,1,0,0,1,1
phreshphoto.com,0,0,0,3,0,0,0,1,1,1,1,1,1,1,1
the100prosystems.com,0,0,1,8,0,0,0,1,1,1,1,1,1,1,1
ahsanfeeds.com,0,0,1,5,0,0,0,1,1,1,1,1,1,1,1
agroxford.com,0,1,1,1,0,0,0,1,1,1,1,0,0,1,1
bookitbaby.net,0,0,0,1,0,0,0,1,1,1,1,1,1,1,1
magalu3.xtechcommerce.com,0,0,1,1,0,0,0,1,1,1,1,0,0,1,1
kehutanan.umuslim.ac.id,0,0,1,5,0,0,0,1,1,1,1,1,1,1,1
online-suntrust-care.beebreelonserv.com,0,0,1,1,0,0,1,1,1,1,1,1,1,1,1
server730889.nazwa.pl,0,0,0,0,0,0,0,1,1,1,1,0,0,1,1
advonationusa.com,0,0,1,6,0,0,0,1,1,1,1,0,0,1,1
52.87.127.10,0,0,1,5,0,0,0,1,1,1,1,1,1,1,1
ravinkondo.cloudaccess.host,0,0,0,1,0,0,0,1,1,1,1,1,1,1,1
snapchat.account.com.mx,0,0,0,0,0,0,0,1,1,1,1,1,1,1,1
spelectric.co.in,0,0,0,2,0,0,0,1,1,1,1,1,1,1,1
admin.baragor.se,0,0,0,2,0,0,0,1,1,1,1,0,0,1,1
wavesetholdings.com,0,0,0,1,0,0,0,1,1,1,1,0,0,1,1
cakeurl.com,0,0,0,1,0,0,0,1,1,1,1,0,0,1,1
halfmoonsmast.jrcasey.com,0,0,1,6,0,0,0,1,1,1,1,0,0,1,1
erb.org.zm,0,0,1,3,0,0,0,1,1,1,1,0,0,1,1
cheaproomsvalencia.com,0,0,1,5,0,0,0,1,1,1,1,0,0,1,1
sonicaled.com,0,0,0,1,0,0,0,1,1,1,1,1,0,1,1
caviarkelp.com,0,1,1,3,0,0,0,1,1,1,1,1,1,1,1
drying-machine.cn,0,0,0,1,0,0,1,1,1,1,1,0,0,1,1
adplife.com,0,0,1,4,0,0,0,1,1,1,1,0,0,1,1
plumbing-la.com,0,0,1,4,0,0,1,1,1,1,1,0,0,1,1
services.runescape.com-mx.ru,0,0,0,0,0,0,1,1,1,1,1,1,1,1,1
forms.gle,0,0,0,1,0,0,0,1,1,1,1,0,0,1,1
bravobeveiliging-my.sharepoint.com,0,0,1,5,0,0,1,1,1,1,1,0,0,1,1
houseoftiresbcs.com,0,0,1,5,0,0,0,1,1,1,1,0,0,1,1
bit.ly,0,0,0,1,0,0,0,1,1,1,1,0,0,1,1
visitor.constantcontact.com,0,0,1,3,0,0,0,1,1,1,1,0,0,1,1
hortipower.co.uk,0,0,1,5,0,0,0,1,1,1,1,0,0,1,1
cartoworld.co.ke,0,0,0,2,0,0,0,1,1,1,1,1,1,1,1
entraegypt.com,0,0,0,1,0,0,0,1,1,1,1,0,0,1,1
houseoftiresbcs.com,0,0,0,4,0,0,0,1,1,1,1,0,0,1,1
cartoworld.co.ke,0,0,1,3,0,0,0,1,1,1,1,1,1,1,1
monicasu.com,0,0,1,4,0,0,0,1,1,1,1,0,0,1,1
argag.com,0,0,0,2,0,0,0,1,1,1,1,1,1,1,1
centromusicalpaternense.es,0,0,0,2,0,0,0,1,1,1,1,0,0,1,1
doapositioning.com,0,0,1,4,0,0,0,1,1,1,1,0,0,1,1
perfect-pin.com,0,0,0,0,0,0,1,1,1,1,1,1,1,1,1
hsgdertnew.com,0,0,0,1,0,0,0,1,1,1,1,1,1,1,1
forms.gle,0,0,0,1,0,0,0,1,1,1,1,0,0,1,1
paypal.account.com.cuteideas.gr,0,0,1,1,0,0,0,1,1,1,1,1,1,1,1
realfreakypedia.com,0,1,1,5,1,0,0,1,1,1,1,1,1,1,1
53.com-id9533371.thoughtoholics.net,0,0,1,2,0,0,1,1,1,1,1,1,1,1,1
35.188.36.185,0,0,1,4,0,0,0,1,1,1,1,1,1,1,1
chiatena.zxy.me,0,0,1,5,0,0,0,1,1,1,1,1,1,1,1
midyatmimaritas.com,0,0,0,1,0,0,0,1,1,1,1,0,0,1,1
jcarmoeventos.com.br,0,0,1,4,0,0,0,1,1,1,1,1,1,1,1
loginlogon.com,0,0,0,1,0,0,0,1,1,1,1,1,1,1,1
jameshopecollege.edu.ng,0,0,0,1,0,0,0,1,1,1,1,1,1,1,1
zonsa.biz,0,0,1,2,0,0,0,1,1,1,1,1,1,1,1
decifra.com.br,0,0,1,3,0,0,0,1,1,1,1,1,1,1,1
n-change.net.,0,0,0,0,0,0,1,1,1,1,1,0,0,1,1
rishtapao.com,0,0,1,5,0,0,0,1,1,1,1,0,0,0,1
mdevents.in,0,0,1,7,0,0,0,1,1,1,1,0,0,1,1
51jianli.cn,0,0,0,1,0,0,0,1,1,1,1,0,0,1,1
itsallaboutthetubmans.com,0,0,1,2,0,0,0,1,1,1,1,1,1,1,1
rockysite.net,0,0,0,2,0,0,0,1,1,1,1,0,0,1,1
pd-iskra-lj.si,0,0,1,5,0,0,1,1,1,1,1,0,0,1,1
fareast.qa,0,0,1,3,0,0,0,1,1,1,1,1,1,1,1
fr.imsly.com,0,0,1,2,0,0,0,1,1,1,1,0,0,1,1
alergiaalpolen.com,0,0,1,3,0,0,0,1,1,1,1,1,1,1,1
aottoim.com,0,0,1,5,0,0,0,1,1,1,1,0,0,1,1
forms.gle,0,0,0,1,0,0,0,1,1,1,1,0,0,1,1
sohinteg.com,0,0,0,0,0,0,0,1,1,1,1,1,1,1,1
pathfinance.pro,0,0,0,1,0,0,0,1,1,1,1,0,0,1,1
cutt.ly,0,0,0,1,0,0,0,1,1,1,1,0,0,1,1
albel.intnet.mu,0,0,0,1,0,0,0,1,1,1,1,0,0,1,1
new.timeclock365.com,0,0,0,1,0,0,0,1,1,1,1,1,1,1,1
forms.gle,0,0,0,1,0,0,0,1,1,1,1,0,0,1,1
ettalee.com,0,0,0,1,0,0,0,1,1,1,1,0,0,1,1
wdestaques14.modelodeaproveitar.com,0,0,1,5,0,0,0,1,1,1,1,1,1,1,1
gates.events,0,0,0,0,0,0,0,1,1,1,1,1,1,1,1
webkc.dede.go.th,0,0,0,3,0,0,0,1,1,1,1,0,0,1,1
spiritofmambo.fr,0,0,0,1,0,0,0,1,1,1,1,0,0,1,1
docs.google.com,0,0,1,5,0,0,0,1,1,1,1,0,0,1,1
ambious.com,0,0,1,4,0,0,0,1,1,1,1,0,0,1,1
arlberg-skifuehrer.com,0,0,1,1,0,0,1,1,1,1,1,0,0,1,1
sode-mape.web.app,0,0,0,0,0,0,1,1,1,1,1,0,0,1,1
apple.com.hxsra.cn,0,0,0,1,0,0,0,1,1,1,1,1,1,1,1
akilili.com,0,0,1,4,0,0,0,1,1,1,1,0,0,1,1
vipdomainshop.com,0,0,1,3,0,0,0,1,1,1,1,0,0,1,1
locksmail.com,0,0,1,6,0,0,0,1,1,1,1,1,1,1,1
art-sticker.fr,0,0,1,4,0,0,1,1,1,1,1,0,0,1,1
busywithwork.com,0,0,1,5,0,0,0,1,1,1,1,0,0,1,1
atendimento-sac-pg.joomla.com,0,0,1,3,0,0,1,1,1,1,1,1,1,1,1
friendlycabdavis.com,0,0,1,8,0,0,0,1,1,1,1,1,1,1,1
exodus-group.org,0,0,0,4,0,0,1,1,1,1,1,1,1,1,1
imxprs.com,0,0,0,3,0,0,0,1,1,1,1,1,0,1,1
verificare.sella.corporateportal.aggiorniituoidati.com,0,0,1,4,0,0,0,1,1,1,1,1,1,1,1
tnlawexpress.com,0,0,0,2,0,0,0,1,1,1,1,0,0,1,1
funetwork.tv,0,0,0,3,0,0,0,1,1,1,1,0,0,1,1
columbiaps-my.sharepoint.com,0,0,1,5,0,0,1,1,1,1,1,0,0,1,1
profinishmi.com,0,1,1,4,0,0,0,1,1,1,1,0,0,1,1
tls.net.vn,0,0,1,6,0,0,0,1,1,1,1,0,0,1,1
tapcollective.com,0,0,1,5,0,0,0,1,1,1,1,0,0,1,1
cutt.ly,0,0,0,1,0,0,0,1,1,1,1,0,0,1,1
icloud.com-ltd.ru,0,0,0,0,0,0,1,1,1,1,1,0,0,1,1
sertyxese.myfreesites.net,0,0,0,0,0,0,0,1,1,1,1,0,0,1,1
yorki-style.ru,0,0,1,6,0,0,1,1,1,1,1,0,0,1,1
fluidaccountants.co.uk,0,0,0,4,0,0,0,1,1,1,1,1,1,1,1
ringing-gangway.000webhostapp.com,0,0,0,2,0,0,1,1,1,1,1,0,0,1,1
argag.com,0,0,0,2,0,0,0,1,1,1,1,1,1,1,1
thesamjain.com,0,0,1,5,0,0,0,1,1,1,1,0,0,1,1
jjj.snprobbx.pbz.r.de.a2ip.ru,0,0,0,1,0,0,0,1,1,1,1,0,0,1,1
createchsoft.com,0,0,0,4,0,0,0,1,1,1,1,0,0,1,1
pay-pal-deutschland.zxc301.com,0,0,0,1,0,0,1,1,1,1,1,1,1,1,1
login-bank.org,0,0,0,1,0,0,1,1,1,1,1,0,0,1,1
vendas-especiais.info,0,0,0,1,0,0,1,1,1,1,1,1,1,1,1
themesradar.com,0,0,1,6,0,0,0,1,1,1,1,1,1,1,1
jfteabd.com,0,0,0,3,0,0,0,1,1,1,1,0,0,1,1
imeipro.info,0,0,0,1,0,0,0,1,1,1,1,0,0,1,1
marinasirtis.tv,0,0,1,4,0,0,0,1,1,1,1,0,0,1,1
norcaltc-my.sharepoint.com,0,0,1,5,0,0,1,1,1,1,1,0,0,1,1
vipoutdoorsportsjapmarket.club,0,0,0,0,0,0,0,1,1,1,1,1,1,1,1
tengfeldt.com,0,0,1,7,0,0,0,1,1,1,1,0,0,1,1
vkauth.kl.com.ua,0,0,0,0,0,0,0,1,1,1,1,0,0,1,1
sanoltechnologies.com,0,0,0,3,0,0,0,1,1,1,1,0,0,1,1
purbeckgigguide.co.uk,0,0,1,2,1,0,0,1,1,1,1,1,1,1,1
bittyurl.co,0,0,0,1,0,0,0,1,1,1,1,0,0,1,1
jstrieb.github.io,0,0,1,1,0,0,0,1,1,1,1,0,0,1,1
restaurantelabarquita.com,0,1,1,2,0,0,0,1,1,1,1,1,1,1,1
marketcs-go.info,0,0,0,0,0,0,1,1,1,1,1,1,1,1,1
insularbank.ph,0,1,1,3,0,0,0,1,1,1,1,0,0,1,1
onedrive.live.com,0,0,1,1,0,0,0,1,1,1,1,0,0,1,1
chesleygray.com,0,0,1,8,0,0,0,1,1,1,1,0,0,1,1
videosfacebook.today,0,0,1,2,0,0,0,1,1,1,1,1,1,1,1
poligrafiapias.com,0,0,1,2,0,0,0,1,1,1,1,0,0,1,1
espace-client.net,0,0,0,1,0,0,1,1,1,1,1,0,0,1,1
cap114.fr,0,0,0,1,0,0,0,1,1,1,1,0,0,1,1
staffandfaculty.my-free.website,0,0,0,0,0,0,1,1,1,1,1,0,0,1,1
geranhujalim-001-site1.ctempurl.com,0,0,0,0,0,0,1,1,1,1,1,1,1,1,1
ersfilter-my.sharepoint.com,0,0,1,5,0,0,1,1,1,1,1,0,0,1,1
alpha-mail-server3.ns01.info,0,0,1,1,0,0,1,1,1,1,1,1,1,1,1
estocap.com.br,0,0,1,6,0,0,0,1,1,1,1,0,0,1,1
tamilradio5.eu,0,0,0,2,0,0,0,1,1,1,1,1,1,1,1
101.0.81.153,0,0,0,3,0,0,0,1,1,1,1,0,0,1,1
m5wx.com,0,0,1,6,0,0,0,1,1,1,1,0,0,1,1
art-sticker.fr,0,0,1,4,0,0,1,1,1,1,1,0,0,1,1
forms.office.com,0,0,1,2,0,0,0,1,1,1,1,0,0,1,1
tokokainbandung.com,0,0,1,9,0,0,0,1,1,1,1,1,1,1,1
d26c5.weblium.site,0,0,0,0,0,0,0,1,1,1,1,0,0,1,1
equinsight.com,0,0,1,3,0,0,0,1,1,1,1,1,1,1,1
aludagoglichidze.ge,0,0,1,5,0,0,0,1,1,1,1,0,0,1,1
wspolnie.com.pl,0,0,1,3,0,0,0,1,1,1,1,0,0,1,1
zohard.com,0,0,1,8,0,0,0,1,1,1,1,1,1,1,1
lovelouisa.org,0,0,1,6,0,0,0,1,1,1,1,0,0,1,1
umij.org,0,0,0,2,0,0,0,1,1,1,1,0,0,1,1
agfmanu.com,0,0,0,1,0,0,0,1,1,1,1,1,1,1,1
attechgroup.sharepoint.com,0,0,1,3,0,0,0,1,1,1,1,0,0,1,1
recompensenumeriquebmo.com,0,0,0,0,0,0,0,1,1,1,1,1,1,1,1
topcrackdownload.com,0,0,0,2,0,0,0,1,1,1,1,1,1,1,1
educacion.rionegro.gov.ar,0,0,1,10,0,0,0,1,1,1,1,0,0,1,1
ovifashon.cf,0,0,0,4,0,0,0,1,1,1,1,1,1,1,1
rino.ge,0,1,1,4,0,0,0,1,1,1,1,1,1,1,1
ime.uff.br,0,0,1,5,0,0,0,1,1,1,1,0,0,1,1
drive.google.com,0,0,1,4,0,0,0,1,1,1,1,0,0,1,1
ahsanfeeds.com,0,0,0,1,0,0,0,1,1,1,1,1,1,1,1
davidforrest.org,0,1,1,4,0,0,0,1,1,1,1,1,1,1,1
soortv.com,0,0,1,2,0,0,0,1,1,1,1,1,1,1,1
unischolarboard.com,0,0,0,1,0,0,0,1,1,1,1,1,1,1,1
paypal-rimborso.com,0,0,0,0,0,0,1,1,1,1,1,0,0,1,1
kbstitchdesigns.com,0,0,0,2,0,0,0,1,1,1,1,0,0,1,1
lachambredezoe.fr,0,0,0,0,0,0,0,1,1,1,1,1,1,1,1
southerncaliforniapowerstrokes.com,0,0,1,2,0,0,0,1,1,1,1,0,0,1,1
zohard.com,0,0,1,8,0,0,0,1,1,1,1,1,1,1,1
cybergata.com,0,1,1,2,0,0,0,1,1,1,1,0,0,1,1
fb-recovery-10000076927-it.tk,0,0,1,1,0,0,1,1,1,1,1,1,1,1,1
nectaribate.com.br,0,0,1,3,0,0,0,1,1,1,1,1,1,1,1
globalnetinternet.com,0,0,1,4,0,0,0,1,1,1,1,0,0,1,1
apple.com.soportebuscar.com,0,0,0,0,0,0,0,1,1,1,1,1,1,1,1
google.com.br,0,0,0,1,0,0,0,1,1,1,1,0,0,1,1
anekaslot.com,0,0,0,2,0,0,0,1,1,1,1,0,0,1,1
picpusdan3.free.fr,0,0,0,2,0,0,0,1,1,1,1,0,0,1,1
paxful.com.transfer.boubit.com,0,0,0,0,0,0,0,1,1,1,1,0,0,1,1
owa.bargainsfinder.me,0,0,1,2,0,0,0,1,1,1,1,0,0,1,1
cheaproomsvalencia.com,0,0,1,5,0,0,0,1,1,1,1,0,0,1,1
reurl.cc,0,0,0,1,0,0,0,1,1,1,1,0,0,1,1
dropx-game.com,0,0,0,0,0,0,1,1,1,1,1,1,1,1,1
logok.org,0,0,1,5,0,0,0,1,1,1,1,0,0,1,1
cheaproomsvalencia.com,0,0,1,5,0,0,0,1,1,1,1,0,0,1,1
josunlamp.com,0,0,0,1,0,0,0,1,1,1,1,0,0,1,1
miplab.net,0,0,0,2,0,0,0,1,1,1,1,0,0,1,1
locksmithrishon.com,0,0,0,1,0,0,0,1,1,1,1,0,0,1,1
zjgsyds.cn,0,0,1,1,1,0,0,1,1,1,1,0,0,1,1
paxful.cam,0,0,0,1,0,0,0,1,1,1,1,1,1,1,1
mysite.plexusworldwide.com,0,0,0,1,0,0,0,1,1,1,1,0,0,1,1
mdevents.in,0,0,1,8,0,0,0,1,1,1,1,0,0,1,1
deltacorpuae.com,0,1,1,1,0,0,0,1,1,1,1,0,0,1,1
aziendafuscillo.xyz,0,0,0,0,0,0,0,1,1,1,1,1,1,1,1
mybankicbc.com,0,0,0,1,1,0,0,1,1,1,1,1,1,1,1
merry-thought.com,0,0,0,2,0,0,1,1,1,1,1,0,0,1,1
yamionmsuz.com,0,0,1,8,0,0,0,1,1,1,1,1,1,1,1
jstrieb.github.io,0,0,1,1,0,0,0,1,1,1,1,0,0,1,1
boanetbank.com,0,0,0,2,0,0,0,1,1,1,1,1,1,1,1
infopublishersassociation.com,0,0,1,8,0,0,0,1,1,1,1,0,0,1,1
mail.poeliersbedrijfhazenbroek.nl,0,0,1,2,0,0,0,1,1,1,1,0,0,1,1
paypal-loginupdate.viewdns.net,0,0,0,0,0,0,1,1,1,1,1,1,1,1,1
axelhess.com,0,0,1,6,0,0,0,1,1,1,1,1,1,1,1
ambrosecourt.com,0,0,0,3,0,0,0,1,1,1,1,0,0,1,1
jissr.org,0,0,1,2,0,0,0,1,1,1,1,0,0,1,1
170.84.83.54,0,0,0,0,0,0,0,1,1,1,1,1,1,1,1
utechtextil.com.br,0,0,1,3,0,0,0,1,1,1,1,0,0,1,1
bethesdaalur.org,0,0,0,3,0,0,0,1,1,1,1,1,1,1,1
zohard.com,0,0,1,8,0,0,0,1,1,1,1,1,1,1,1
cruzsantiagoverta.com,0,0,1,4,0,0,0,1,1,1,1,1,1,1,1
m-resgatesmile.com,0,0,1,1,0,0,1,1,1,1,1,1,1,1,1
unescoghana.org,0,0,0,3,0,0,0,1,1,1,1,0,0,1,1
mdhsz.mentriqq.com,0,0,1,1,0,0,0,1,1,1,1,1,1,1,1
group-whatsapss.zzux.com,0,0,0,0,0,0,1,1,1,1,1,0,0,1,1
meylanbt.co.ke,0,0,1,2,0,0,0,1,1,1,1,0,0,1,1
night-kingdom.mysteria.cz,0,0,0,1,0,0,1,1,1,1,1,0,0,1,1
eegonline.eu,0,0,0,3,0,0,0,1,1,1,1,0,0,1,1
ff-oberoetzdorf.de,0,0,1,9,0,0,1,1,1,1,1,0,0,1,1
reurl.cc,0,0,0,1,0,0,0,1,1,1,1,0,0,1,1
loansmumbai.com,0,0,1,3,0,0,0,1,1,1,1,1,1,1,1
kj998933210908j-my.sharepoint.com,0,0,1,5,0,0,1,1,1,1,1,1,1,1,1
peypalhannah.000webhostapp.com,0,0,1,3,0,0,0,1,1,1,1,0,0,1,1
docs.google.com,0,0,1,5,0,0,0,1,1,1,1,0,0,1,1
casadecambiodq.com,0,0,0,1,0,0,0,1,1,1,1,1,1,1,1
vkontaktee.byethost4.com,0,0,0,0,0,0,0,1,1,1,1,0,0,1,1
twowheelcool.com,0,0,1,2,0,0,0,1,1,1,1,0,0,1,1
windowsupdateerror.com,0,0,0,1,0,0,0,1,1,1,1,1,1,1,1
attloginnewupdatingservicemailcommunication.weebly.com,0,0,1,0,0,0,0,1,1,1,1,0,0,1,1
therockacc.org,0,0,1,4,0,0,0,1,1,1,1,1,1,1,1
kosmetica.com.bd,0,0,1,6,0,0,0,1,1,1,1,1,1,1,1
frysconstucttehe.com,0,0,1,5,0,0,0,1,1,1,1,1,1,1,1
jppost-fu.co,0,0,0,1,0,0,1,1,1,1,1,1,1,1,1
dreamhouse.in.th,0,0,1,5,0,0,0,1,1,1,1,1,1,1,1
oferamericanasweb.com,0,0,1,2,0,0,0,1,1,1,1,1,1,1,1
sites.google.com,0,0,0,2,0,0,0,1,1,1,1,0,0,1,1
hrweb99.com,0,0,1,6,0,0,0,1,1,1,1,1,0,1,1
esapcepro-org.com,0,0,1,4,0,0,1,1,1,1,1,0,0,1,1
courgeon-immobilier.fr,0,0,1,5,0,0,1,1,1,1,1,0,0,1,1
playarprint.com,0,0,1,2,0,0,0,1,1,1,1,1,1,1,1
ncubedd.com,0,0,0,2,0,0,0,1,1,1,1,1,1,1,1
geonetc.net,0,0,0,1,0,0,0,1,1,1,1,1,1,1,1
encryptdrive.booogle.net,0,0,1,0,0,0,0,1,1,1,1,0,0,1,1
778002991822.com,0,0,0,2,0,0,0,1,1,1,1,1,1,1,1
imagephoto-video.com,0,0,1,6,0,0,1,1,1,1,1,0,0,1,1
share.hsforms.com,0,0,1,1,0,0,0,1,1,1,1,0,0,1,1
1drv.ms,0,0,0,2,0,0,0,1,1,1,1,0,0,1,1
wave.webaim.org,0,0,1,2,0,0,0,1,1,1,1,0,0,1,1
eastviewcobbs.com.au,0,0,1,5,0,0,0,1,1,1,1,1,1,1,1
tptelecom.it,0,0,1,8,0,0,0,1,1,1,1,0,0,1,1
presenteie-quem-merece.com,0,0,1,2,0,0,1,1,1,1,1,1,1,1,1
agri72.fr,0,0,0,6,0,0,0,1,1,1,1,0,0,1,1
urlspro.com,0,0,0,1,0,0,0,1,1,1,1,0,0,1,1
traktorpool.de-anfrage-id-726835.tilexhome.com,0,0,1,0,0,0,1,1,1,1,1,0,0,1,1
absagh.com,0,0,0,1,0,0,0,1,1,1,1,1,1,1,1
hc-happycasting.com,0,0,0,0,0,0,1,1,1,1,1,1,1,1,1
mundo-smartphones.com,0,0,1,1,0,0,1,1,1,1,1,1,1,1,1
cartoworld.co.ke,0,0,1,4,0,0,0,1,1,1,1,1,1,1,1
playarprint.com,0,0,1,2,0,0,0,1,1,1,1,1,1,1,1
mycarauctionad.com,0,0,0,2,0,0,0,1,1,1,1,0,0,1,1
checkpoint.somee.com,0,0,0,1,0,0,0,1,1,1,1,1,1,1,1
community-ebay-de-diskussionsforen-6ws.html-5.me,0,0,1,0,0,0,1,1,1,1,1,0,0,1,1
milpitaslions.com,0,0,1,1,0,0,0,1,1,1,1,1,1,1,1
khurramandcosolicitors.com,0,0,1,4,0,0,0,1,1,1,1,0,0,1,1
rrofficesupplies.com,0,0,0,3,0,0,0,1,1,1,1,1,1,1,1
maestrotc.com,0,0,1,7,0,0,0,1,1,1,1,1,1,1,1
maxvirtude.com.br,0,0,0,2,0,0,0,1,1,1,1,0,0,1,1
axersrl.it,0,0,0,1,0,0,0,1,1,1,1,0,0,1,1
gov.hmrc.refund-apply.uk,0,0,0,0,0,0,1,1,1,1,1,1,1,1,1
verifica-b-c-p.enlazaverifcador.com,0,0,1,1,0,0,1,1,1,1,1,1,1,1,1
vk-com.byethost5.com,0,0,0,0,0,0,1,1,1,1,1,0,0,1,1
qrxhskj.cluster028.hosting.ovh.net,0,0,1,4,0,0,0,1,1,1,1,0,0,1,1
bellat.net,0,0,1,4,0,0,0,1,1,1,1,0,0,1,1
bit.ly,0,0,0,1,0,0,0,1,1,1,1,1,1,1,1
wdestaques13.amesucessodeofertas-20.com,0,0,1,5,0,0,1,1,1,1,1,1,1,1,1
confirmprofileaccount.com,0,0,0,0,0,0,0,1,1,1,1,0,0,1,1
albel.intnet.mu,0,0,0,2,0,0,0,1,1,1,1,0,0,1,1
farmskinsgiveaway.com,0,0,0,0,0,0,0,1,1,1,1,0,0,1,1
nanosercure.com,0,0,1,1,0,0,0,1,1,1,1,1,1,1,1
kidscoloringpdf.com,0,0,1,6,0,0,0,1,1,1,1,0,0,1,1
peaceau.org,0,0,0,3,0,0,0,1,1,1,1,0,0,1,1
mail2.mclink.it,0,0,1,6,0,0,0,1,1,1,1,1,1,1,1
aladasinsaat.com,0,0,0,1,0,0,0,1,1,1,1,1,1,1,1
leocaciobarroso.com.br,0,0,1,8,0,0,0,1,1,1,1,1,1,1,1
vk.com,0,0,1,1,0,0,0,1,1,1,1,0,0,1,1
tudoemgeladeiras.com,0,0,1,2,0,0,0,1,1,1,1,0,0,1,1
economyfurnace-my.sharepoint.com,0,0,1,5,0,0,1,1,1,1,1,0,0,1,1
gabungchatwhatsapp2020.ygto.com,0,0,0,0,0,0,0,1,1,1,1,1,1,1,1
oferamericanasweb.com,0,0,1,2,0,0,0,1,1,1,1,1,1,1,1
pinnerx.com,0,0,1,2,0,0,0,1,1,1,1,0,0,1,1
particulares-santander.com,0,0,0,0,0,0,1,1,1,1,1,1,1,1,1
alvorkitecenter.com,0,1,1,2,0,0,0,1,1,1,1,1,1,1,1
ruekrew.com,0,0,0,2,0,0,0,1,1,1,1,0,0,1,1
sfcitycampsandleagues.com,0,0,1,2,0,0,0,1,1,1,1,1,1,1,1
sunnymere-my.sharepoint.com,0,0,1,4,0,0,1,1,1,1,1,0,0,1,1
delgadaygordo.com,0,0,0,2,0,0,0,1,1,1,1,0,0,1,1
halfmoonsmast.jrcasey.com,0,0,1,6,0,0,0,1,1,1,1,0,0,1,1
accurate-engineers.in,0,0,0,3,0,0,1,1,1,1,1,0,0,1,1
support.yotekrealestate.com,0,0,0,2,0,0,0,1,1,1,1,0,0,1,1
ossc-bjtu.cn,0,0,0,3,0,0,1,1,1,1,1,0,0,1,1
xurl.es,0,0,0,1,0,0,0,1,1,1,1,0,0,1,1
induferram.com,0,0,1,5,0,0,0,1,1,1,1,0,0,1,1
snip.ly,0,0,0,1,0,0,0,1,1,1,1,0,0,1,1
cleverhands.com,0,0,0,0,0,0,0,1,1,1,1,0,0,1,1
crcse.com,0,0,1,6,0,0,0,1,1,1,1,0,0,1,1
betasusgirdi.blogspot.com,0,0,0,0,0,0,0,1,1,1,1,0,0,1,1
storage.googleapis.com,0,0,1,2,0,0,0,1,1,1,1,0,0,1,1
decompress323.ga,0,0,1,2,0,0,0,1,1,1,1,1,1,1,1
paypal-express-checkout.danielschreurs.com,0,0,0,0,0,0,1,1,1,1,1,1,1,1,1
contractalerts.co.uk,0,0,0,0,0,0,0,1,1,1,1,1,1,1,1
bluemarble.cloud,0,0,1,6,0,0,0,1,1,1,1,1,0,1,1
stpaulsdillsburg.com,0,0,1,4,0,0,0,1,1,1,1,0,0,1,1
chase-verification.diligencees.com,0,0,1,2,0,0,1,1,1,1,1,1,1,1,1
any-connect.com,0,0,0,0,0,0,1,1,1,1,1,1,1,1,1
dalparter.oneclick.press,0,1,1,5,0,0,0,1,1,1,1,1,1,1,1
kidms.com,0,0,1,7,0,0,0,1,1,1,1,1,1,1,1
att.taleo.net,0,0,1,3,0,0,0,1,1,1,1,0,0,1,1
cteam-my.sharepoint.com,0,0,1,5,0,0,1,1,1,1,1,0,0,1,1
bcem.ie,0,0,1,1,0,0,0,1,1,1,1,0,0,1,1
bitckins.com,0,0,1,3,0,0,0,1,1,1,1,1,1,1,1
poetkaustubh.com,0,0,0,3,0,0,0,1,1,1,1,1,1,1,1
0nexdrlvew.best,0,0,0,1,0,0,0,1,1,1,1,1,1,1,1
touchbase.tools,0,0,1,5,0,0,0,1,1,1,1,1,1,1,1
dropbox.com-payment-invoice-id-379340.tilexhome.com,0,0,1,0,0,0,1,1,1,1,1,0,0,1,1
site9551459.92.webydo.com,0,0,0,0,0,0,0,1,1,1,1,0,0,1,1
bizcloudz.net,0,0,1,2,0,0,0,1,1,1,1,0,0,1,1
split.to,0,0,0,1,0,0,0,1,1,1,1,0,0,1,1
evernote.com,0,0,1,4,0,0,0,1,1,1,1,0,0,1,1
goldsubzehy.tk,0,0,0,1,0,0,0,1,1,1,1,1,1,1,1
leaddogweb.com,0,0,0,2,0,0,0,1,1,1,1,1,0,1,1
ocm.in,0,0,0,1,0,0,0,1,1,1,1,0,0,1,1
secure.runescape.com-zx.ru,0,0,1,2,0,0,1,1,1,1,1,1,1,1,1
forms.gle,0,0,0,1,0,0,0,1,1,1,1,0,0,1,1
firebasestorage.googleapis.com,0,0,1,5,0,0,0,1,1,1,1,0,0,1,1
drive.google.com,0,0,1,4,0,0,0,1,1,1,1,0,0,1,1
attsupportemail.yolasite.com,0,0,0,0,0,0,0,1,1,1,1,0,0,1,1
enigreen.net,0,0,1,3,0,0,0,1,1,1,1,1,1,1,1
ziptopia53.com,0,0,1,5,0,0,0,1,1,1,1,1,1,1,1
docs.google.com,0,0,1,5,0,0,0,1,1,1,1,0,0,1,1
internationalstemcellcenter.com,0,0,0,2,0,0,0,1,1,1,1,1,1,1,1
ec2-3-82-210-25.compute-1.amazonaws.com,0,0,1,1,0,0,1,1,1,1,1,1,1,1,1
mkbixhnvc.dermals.org,0,0,0,1,0,0,0,1,1,1,1,0,0,1,1
gidirmegala.com,0,1,0,1,0,0,0,1,1,1,1,1,1,1,1
reimer-gartenbau.de,0,0,1,3,0,0,1,1,1,1,1,0,0,1,1
web-psd2-group.000webhostapp.com,0,0,0,0,0,0,1,1,1,1,1,0,0,1,1
vvvvv-excell-onliine.abbbe.icu,0,0,1,2,0,0,1,1,1,1,1,1,1,1,1
han.gl,0,0,0,1,0,0,0,1,1,1,1,1,1,1,1
storage.googleapis.com,0,0,1,2,0,0,0,1,1,1,1,0,0,1,1
sonnex.ir,0,0,0,2,0,0,0,1,1,1,1,1,1,1,1
videosfacebook.today,0,0,1,2,0,0,0,1,1,1,1,1,1,1,1
christiantidings.com,0,0,1,3,0,0,0,1,1,1,1,0,0,1,1
sopes.dns-cloud.net,0,0,0,3,0,0,1,1,1,1,1,0,0,1,1
amieuerxcaess.com,0,0,0,0,0,0,0,1,1,1,1,1,1,1,1
ftp.warfacebonus.hop.ru,0,0,0,0,0,0,0,1,1,1,1,0,0,1,1
koreabio.org,0,0,1,8,0,0,0,1,1,1,1,0,0,1,1
storage.googleapis.com,0,1,1,3,0,0,0,1,1,1,1,0,0,1,1
u1047531.cp.regruhosting.ru,0,0,1,2,0,0,0,1,1,1,1,1,1,1,1
maxvirtude.com.br,0,0,0,2,0,0,0,1,1,1,1,0,0,1,1
skhmcb.ac.in,0,0,0,4,0,0,0,1,1,1,1,0,0,1,1
zonaseguraweb1.bnv-pe.online,0,0,0,2,0,0,1,1,1,1,1,1,1,1,1
mailadminstrators.top,0,1,1,2,0,0,0,1,1,1,1,1,1,1,1
stmargsbarking-my.sharepoint.com,0,0,1,5,0,0,1,1,1,1,1,0,0,1,1
start.me,0,0,0,3,0,0,0,1,1,1,1,0,0,1,1
cheaproomsvalencia.com,0,0,1,5,0,0,0,1,1,1,1,0,0,1,1
auslaufen.com,0,0,1,3,0,0,0,1,1,1,1,0,0,1,1
alibaba.com.spatialsys.com.ru,0,0,0,2,0,0,0,1,1,1,1,1,0,1,1
yourfitnesscorner.com,0,0,1,9,0,0,0,1,1,1,1,1,1,1,1
csknow.clicknkids.com,0,0,1,6,0,0,0,1,1,1,1,1,1,1,1
advonationusa.com,0,0,1,5,0,0,0,1,1,1,1,0,0,1,1
dadaindah.my.id,0,0,0,1,0,0,0,1,1,1,1,1,0,1,1
extroloil.com,0,0,0,2,0,0,0,1,1,1,1,1,1,1,1
comvoececontastone20.com,0,0,1,3,0,0,0,1,1,1,1,1,1,1,1
evnt.com.br,0,0,1,10,0,0,0,1,1,1,1,0,0,1,1
developsys.net,0,0,0,5,0,0,0,1,1,1,1,1,1,1,1
whatsapps-invites.zzux.com,0,0,0,0,0,0,1,1,1,1,1,0,0,1,1
docs.google.com,0,0,1,5,0,0,0,1,1,1,1,0,0,1,1
paypal.fr.service.web-security.login.submit.flannelmouth.com,0,0,1,0,0,0,1,1,1,1,1,0,0,1,1
brighant.com,0,0,0,1,0,0,0,1,1,1,1,0,0,1,1
augusthus.com.br,0,0,0,1,0,0,0,1,1,1,1,1,1,1,1
acc-arubaaa.com,0,0,0,2,0,0,1,1,1,1,1,1,1,1,1
c1770209.ferozo.com,0,0,1,4,0,0,0,1,1,1,1,1,1,1,1
courgeon-immobilier.fr,0,0,1,6,0,0,1,1,1,1,1,1,1,1,1
kjmtelecom.com.br,0,0,0,4,0,0,0,1,1,1,1,0,0,1,1
midyatmimaritas.com,0,0,0,1,0,0,0,1,1,1,1,0,0,1,1
bcpzonasegurabeta.viabcp.com.rcginsurance.com,0,0,1,2,0,0,0,1,1,1,1,1,1,1,1
toaletaeco.ro,0,0,1,5,0,0,0,1,1,1,1,0,0,1,1
art-sticker.fr,0,0,1,4,0,0,1,1,1,1,1,0,0,1,1
295940895026123-dot-wetransfer-auth-file-343.appspot.com,0,0,1,0,0,0,1,1,1,1,1,0,0,1,1
amvbner.com,0,0,0,2,0,0,0,1,1,1,1,1,1,1,1
greenowladvisers.com,0,0,0,1,0,0,0,1,1,1,1,0,0,1,1
ww17.paypal.com-us.cgi-bin-webscr-cmd.login-submit-dispatch.74fghghs68g484iky4mn86we8r46d4h38df4b83m48hg3ui4ty82s83f4xcb83.themariettabilliardclub.com,0,0,1,5,0,0,1,1,1,1,1,1,1,1,1
dalparter.oneclick.press,0,0,1,5,0,0,0,1,1,1,1,1,1,1,1
imxprs.com,0,0,0,3,0,0,0,1,1,1,1,0,0,1,1
pd-iskra-lj.si,0,0,1,5,0,0,1,1,1,1,1,0,0,1,1
fariatecnologia.com.br,0,0,1,3,0,0,0,1,1,1,1,0,0,1,1
alzahrani-online.com,0,0,1,3,0,0,1,1,1,1,1,1,1,1,1
pg-series-atendimento.joomla.com,0,0,0,1,0,0,1,1,1,1,1,1,1,1,1
1drv.ms,0,0,0,2,0,0,0,1,1,1,1,0,0,1,1
jcr.justinlist.org,0,0,0,0,0,0,0,1,1,1,1,0,0,1,1
josevillegasonline.com,0,0,0,1,0,0,0,1,1,1,1,1,1,1,1
rongbachkim.tv,0,0,0,2,0,0,0,1,1,1,1,0,0,1,1
nordichairistanbul.com,0,0,1,3,0,0,0,1,1,1,1,0,0,1,1
kfqp4.pcgaboma.com,0,0,1,1,0,0,0,1,1,1,1,1,1,1,1
minagi.org,0,0,0,4,0,0,0,1,1,1,1,0,0,1,1
unisonsouthayr.org.uk,0,0,0,1,0,0,0,1,1,1,1,0,0,1,1
mail.onlinedatingvergelijker.nl,0,0,1,2,0,0,0,1,1,1,1,0,0,1,1
micromode53.xyz,0,0,1,5,0,0,0,1,1,1,1,1,1,1,1
elongivesbtc.com,0,0,0,0,0,0,0,1,1,1,1,1,1,1,1
villasakuraubud.com,0,0,1,6,0,0,0,1,1,1,1,0,0,1,1
davidhavenar2311.typeform.com,0,0,0,2,0,0,0,1,1,1,1,0,0,1,1
grindtimegym.com,0,0,1,6,0,0,0,1,1,1,1,1,1,1,1
takingnote.learningmatters.tv,0,0,0,1,0,0,0,1,1,1,1,0,0,1,1
momos-ambachtelijkeijs.nl,0,0,1,5,0,0,1,1,1,1,1,0,0,1,1
fb-recovery-10000076925-it.tk,0,0,1,1,0,0,1,1,1,1,1,1,1,1,1
courgeon-immobilier.fr,0,0,1,6,0,0,1,1,1,1,1,0,0,1,1
palletsolutions.ca,0,0,1,3,0,0,0,1,1,1,1,0,0,1,1
ebay-co-uk.com,0,0,0,1,0,0,1,1,1,1,1,0,0,1,1
vertulounge.com,0,0,0,2,0,0,0,1,1,1,1,0,0,1,1
vlasta.synology.me,0,1,0,1,0,0,0,1,1,1,1,1,1,1,1
muggetlogin.oa.r.appspot.com,0,0,0,1,0,0,0,1,1,1,1,0,0,1,1
mtmonly.com,0,1,1,6,0,0,0,1,1,1,1,1,1,1,1
cheaproomsvalencia.com,0,0,1,5,0,0,0,1,1,1,1,0,0,1,1
realchef.com.au,0,0,1,5,0,0,0,1,1,1,1,0,0,1,1
ecusltd-my.sharepoint.com,0,0,1,7,0,0,1,1,1,1,1,0,0,1,1
httpcolonforwardslashforwardslashwwwdotjenniferdanieldotcom.com,0,0,1,2,0,0,0,1,1,1,1,0,0,1,1
cnsenxiang.com,0,0,0,2,0,0,0,1,1,1,1,1,1,1,1
plataformaeducativa.se.jalisco.gob.mx,0,0,1,3,0,0,0,1,1,1,1,0,0,1,1
cheaproomsvalencia.com,0,0,1,5,0,0,0,1,1,1,1,0,0,1,1
theingredients.net,0,0,0,2,0,0,0,1,1,1,1,1,1,1,1
ashtangyoga.co.in,0,0,1,4,0,0,0,1,1,1,1,1,1,1,1
terms-daum-net-syncressolvecenteruser923ud00.000webhostapp.com,0,0,1,0,0,0,1,1,1,1,1,0,0,1,1
pennyfairclough.uk,0,0,0,2,0,0,0,1,1,1,1,1,1,1,1
secure.runescape.com-zx.ru,0,0,1,2,0,0,1,1,1,1,1,1,1,1,1
viccats.camcam.dns-cloud.net,0,0,1,3,0,0,1,1,1,1,1,0,0,1,1
dropbox.progentrix.skyfencenet.com,0,0,0,0,0,0,0,1,1,1,1,0,0,1,1
yamionmsuz.com,0,0,1,8,0,0,0,1,1,1,1,1,1,1,1
foodfidelity.com,0,1,1,3,0,0,0,1,1,1,1,1,1,1,1
texas-money.net,0,0,1,4,0,0,1,1,1,1,1,1,1,1,1
beta.kenaidanceta.com,0,0,0,3,0,0,0,1,1,1,1,0,0,1,1
vanillacheckcard.com,0,0,0,0,0,0,0,1,1,1,1,1,1,1,1
playarprint.com,0,0,1,2,0,0,0,1,1,1,1,1,1,1,1
validarmeuacesso.com.br,0,0,1,5,0,0,0,1,1,1,1,1,1,1,1
americantyre.com.br,0,0,1,4,0,0,0,1,1,1,1,0,0,1,1
vipdomainshop.com,0,0,1,2,0,0,0,1,1,1,1,0,0,1,1
sucursalvirtualpersonas.info,0,0,1,1,0,0,0,1,1,1,1,1,1,1,1
art-sticker.fr,0,0,1,5,0,0,1,1,1,1,1,0,0,1,1
cummingstrack.buzz,0,0,0,4,0,0,0,1,1,1,1,1,1,1,1
autorizador5.com.br,0,0,1,6,0,0,0,1,1,1,1,0,0,1,1
rooyan.in,0,0,0,1,0,0,0,1,1,1,1,0,0,1,1
wilsonvaluation602-my.sharepoint.com,0,0,1,5,0,0,1,1,1,1,1,0,0,1,1
amoazen.com,0,0,0,0,0,0,0,1,1,1,1,1,1,1,1
applepay-mania.com,0,0,0,0,0,0,1,1,1,1,1,0,0,1,1
docs.google.com,0,0,1,5,0,0,0,1,1,1,1,0,0,1,1
lindemann-electric.com,0,0,1,5,0,0,1,1,1,1,1,1,1,1,1
extravasatingmetalworker.com,0,0,0,0,0,0,0,1,1,1,1,0,0,1,1
sanjilkumar.com,0,0,0,3,0,0,0,1,1,1,1,0,0,1,1
soyalejo.com,0,0,0,2,0,0,0,1,1,1,1,1,1,1,1
prog.al-wed.com,0,0,0,2,0,0,1,1,1,1,1,0,0,1,1
misrecetasnaturales.com,0,0,1,8,0,0,0,1,1,1,1,1,1,1,1
solarcomm-info.com,0,0,1,3,0,0,1,1,1,1,1,1,1,1,1
produtoexclusivoeimperdiveleaqui.com,0,0,1,2,0,0,0,1,1,1,1,1,1,1,1
aberturasagma.com,0,0,1,6,0,0,0,1,1,1,1,1,1,1,1
f.smssapp.com,0,0,0,0,0,0,0,1,1,1,1,0,0,1,1
i-to.cc,0,0,0,1,0,0,1,1,1,1,1,0,0,1,1
zoosummit.ru,0,0,1,4,0,0,0,1,1,1,1,1,0,1,1
rakuten.co.jp.wshtkh.ph,0,0,0,1,0,0,0,1,1,1,1,1,1,1,1
webapp186332.ip-172-104-4-187.cloudezapp.io,0,0,1,6,0,0,1,1,1,1,1,0,0,1,1
chiatena.zxy.me,0,0,1,6,0,0,0,1,1,1,1,0,0,1,1
formbuddy.com,0,0,1,2,0,0,0,1,1,1,1,0,0,1,1
yahooimail.weebly.com,0,0,0,0,0,0,0,1,1,1,1,0,0,1,1
pegionshamza.com,0,0,0,2,0,0,0,1,1,1,1,1,1,1,1
cheapcaraccessorieswebjpfraoutlet.club,0,0,0,0,0,0,0,1,1,1,1,1,1,1,1
evolutionomar.net,0,0,1,2,0,0,0,1,1,1,1,1,1,1,1
workshopstl.com,0,0,1,2,0,0,0,1,1,1,1,1,1,1,1
santanderpjon.ddns.net,0,0,1,4,0,0,0,1,1,1,1,1,1,1,1
omegadesigns.in,0,0,1,4,0,0,0,1,1,1,1,0,0,1,1
viabcp.itcjp.co,0,0,0,0,0,0,0,1,1,1,1,1,1,1,1
paymentcancellation.net,0,0,0,1,0,0,0,1,1,1,1,1,1,1,1
lmsanimation.com,0,0,0,3,0,0,0,1,1,1,1,0,0,1,1
page-account-transparency.000webhostapp.com,0,0,1,1,0,0,1,1,1,1,1,0,0,1,1
satkaniaiit.com,0,0,0,2,0,0,0,1,1,1,1,0,0,1,1
aberturasagma.com,0,0,1,6,0,0,0,1,1,1,1,0,0,1,1
paypalinfo.raylf.org,0,0,0,0,0,0,0,1,1,1,1,1,1,1,1
chatwhatsapp-invitee.join-wa18.my.id,0,0,0,0,0,0,1,1,1,1,1,0,0,1,1
pharmacyhelpcenter.com,0,0,1,5,0,0,0,1,1,1,1,1,1,1,1
netorgft1393773-my.sharepoint.com,0,0,1,5,0,0,1,1,1,1,1,0,0,1,1
forms.office.com,0,0,1,2,0,0,0,1,1,1,1,0,0,1,1
stikivk1337.000webhostapp.com,0,0,0,0,0,0,0,1,1,1,1,0,0,1,1
starmak.com.tr,0,0,1,1,0,0,0,1,1,1,1,0,0,1,1
bcpzonasegurabeta.viabcp.com.entrepreneur.pe,0,0,1,2,0,0,0,1,1,1,1,1,1,1,1
steamhoe.cf,0,0,1,2,1,0,0,1,1,1,1,1,1,1,1
paypal.co.uk.useriazi6bqgssb.settingsppup.com,0,0,1,1,0,0,0,1,1,1,1,0,0,1,1
vmorefraud.com,0,0,1,4,0,0,0,1,1,1,1,0,0,1,1
ziboleq.com,0,0,0,2,0,0,0,1,1,1,1,1,1,1,1
